id,first_name,last_name,email,gender,age,country,city
1,Alexa,Malia,amalia0@amazon.de,Female,26,France,Vesoul
2,Parsifal,Carlesso,pcarlesso1@yandex.ru,Male,23,France,Orsay
3,Quincy,Yell,qyell2@cyberchimps.com,Male,70,France,Longjumeau
4,Chiarra,Rait,crait3@mapy.cz,Female,33,France,Strasbourg
5,Rodge,Terran,rterran4@fema.gov,Male,20,France,Aulnay-sous-Bois
6,Marysa,Bartomieu,mbartomieu5@domainmarket.com,Female,81,France,Bordeaux
7,Lloyd,Bessent,lbessent6@patch.com,Male,46,France,Plérin
8,Murray,McNabb,mmcnabb7@harvard.edu,Male,48,France,Aulnay-sous-Bois
9,Kyla,Spring,kspring8@github.io,Female,29,France,Paris 01
10,Jefferey,McCreath,jmccreath9@instagram.com,Male,5,France,Clichy
11,Junina,Roloff,jroloffa@amazon.co.uk,Female,83,France,Saverne
12,Dniren,Clappson,dclappsonb@hexun.com,Female,34,France,Reims
13,Sal,Tott,stottc@sakura.ne.jp,Female,65,France,Avallon
14,Ilka,Batterbee,ibatterbeed@cargocollective.com,Female,19,France,Paris 19
15,Issie,Coulthurst,icoulthurste@unc.edu,Female,54,France,Dijon
16,Sammy,McIlroy,smcilroyf@mashable.com,Female,80,France,Houilles
17,Cortney,Baunton,cbauntong@jiathis.com,Female,46,France,Issy-les-Moulineaux
18,Callean,Cunnane,ccunnaneh@istockphoto.com,Male,77,France,Saint-Étienne
19,Brynne,Goodhew,bgoodhewi@harvard.edu,Female,82,France,Paris 13
20,Thurstan,Twyning,ttwyningj@stanford.edu,Agender,70,France,Lavaur
21,Blaire,Willeson,bwillesonk@pbs.org,Female,84,France,Paris La Défense
22,Guenna,Jahnisch,gjahnischl@opera.com,Female,37,France,Paris 15
23,Toby,Camus,tcamusm@uol.com.br,Male,53,France,Saint-Quentin-en-Yvelines
24,Clerc,Wilmut,cwilmutn@cmu.edu,Male,7,France,Évreux
25,Carmelina,Boothman,cboothmano@nydailynews.com,Female,42,France,Guyancourt
26,Ramonda,Robjents,rrobjentsp@phoca.cz,Female,17,France,Coutances
27,Darren,Longland,dlonglandq@bluehost.com,Male,55,France,Chantilly
28,Loraine,Lackeye,llackeyer@bing.com,Female,77,France,Domont
29,Georgy,Doman,gdomans@eventbrite.com,Male,29,France,Neuilly-sur-Marne
30,Eddi,Hoyles,ehoylest@cmu.edu,Bigender,23,France,Les Sables-d'Olonne
31,Benson,Schiersch,bschierschu@cloudflare.com,Male,57,France,Aubagne
32,Larina,Dougher,ldougherv@hc360.com,Female,18,France,Montpellier
33,Tobye,Heinritz,theinritzw@ebay.com,Female,42,France,Cergy-Pontoise
34,Fanchon,Grange,fgrangex@quantcast.com,Female,76,France,Maisons-Laffitte
35,Riccardo,Goodbourn,rgoodbourny@dedecms.com,Male,85,France,Bernay
36,Granny,Orringe,gorringez@apple.com,Male,80,France,Bayeux
37,Dane,Symcock,dsymcock10@csmonitor.com,Male,10,France,Blois
38,Morley,Bellas,mbellas11@tumblr.com,Male,55,France,Saint-Quentin-Fallavier
39,Lara,Gussin,lgussin12@tuttocitta.it,Female,23,France,Le Perreux-sur-Marne
40,Augie,Pirot,apirot13@webmd.com,Male,82,France,Annecy
41,Hayley,Lummus,hlummus14@nasa.gov,Female,76,France,Paris 05
42,Leese,Lindenbluth,llindenbluth15@sohu.com,Female,50,France,Bordeaux
43,Vilhelmina,Spriggs,vspriggs16@google.nl,Genderfluid,79,France,Brive-la-Gaillarde
44,Martie,Elcoate,melcoate17@uol.com.br,Male,39,France,Manosque
45,Malvina,Rankcom,mrankcom18@sakura.ne.jp,Female,79,France,Montélimar
46,Warner,Ladon,wladon19@drupal.org,Male,6,France,Boulogne-Billancourt
47,Philippa,Maydway,pmaydway1a@infoseek.co.jp,Female,39,France,Villejuif
48,Dinnie,Harbard,dharbard1b@about.com,Female,55,France,Saint-Nazaire
49,Wilmer,Gorrie,wgorrie1c@wufoo.com,Genderfluid,9,France,Paris La Défense
50,Margaret,Bossel,mbossel1d@indiegogo.com,Female,61,France,Nogent-le-Rotrou
51,Davida,Parnaby,dparnaby1e@guardian.co.uk,Bigender,77,France,Angers
52,Candis,Edmenson,cedmenson1f@newyorker.com,Female,53,France,Lyon
53,Blanche,Hedger,bhedger1g@webmd.com,Female,54,France,Lyon
54,Rhoda,Shirtliff,rshirtliff1h@latimes.com,Female,85,France,Redon
55,Bertie,Graves,bgraves1i@intel.com,Female,58,France,Montpellier
56,Madelina,Chislett,mchislett1j@miibeian.gov.cn,Female,48,France,Martigues
57,Frasquito,Copperwaite,fcopperwaite1k@netvibes.com,Male,81,France,Neuilly-sur-Marne
58,Gene,Crollman,gcrollman1l@ovh.net,Male,19,France,Nancy
59,Minetta,Faill,mfaill1m@mit.edu,Female,24,France,Angers
60,Prentiss,Salvadori,psalvadori1n@ask.com,Male,24,France,Creil
61,Moria,Filipovic,mfilipovic1o@vistaprint.com,Female,13,France,Besançon
62,Modestine,Braams,mbraams1p@adobe.com,Female,16,France,Le Blanc-Mesnil
63,Myles,Worledge,mworledge1q@taobao.com,Male,12,France,Limoges
64,Maryellen,Butt Gow,mbuttgow1r@t-online.de,Female,53,France,Pau
65,Odell,Jarville,ojarville1s@dagondesign.com,Male,47,France,Besançon
66,Carmon,Breeder,cbreeder1t@uol.com.br,Female,77,France,Vienne
67,Jon,Nannoni,jnannoni1u@fda.gov,Male,30,France,Lyon
68,Cooper,Gratten,cgratten1v@engadget.com,Male,14,France,Orléans
69,Jaymie,Sneesbie,jsneesbie1w@bigcartel.com,Male,82,France,Noyelles-sous-Lens
70,Shel,Surridge,ssurridge1x@tmall.com,Female,38,France,Saint-Brieuc
71,Enrica,Sneesbie,esneesbie1y@bigcartel.com,Female,38,France,Mende
72,Baillie,Crathorne,bcrathorne1z@ovh.net,Male,41,France,Dunkerque
73,Dniren,Aaronson,daaronson20@nymag.com,Female,56,France,Saint-Brieuc
74,Leigh,Pidcock,lpidcock21@usnews.com,Male,10,France,Lacroix-Saint-Ouen
75,Crichton,Castelletti,ccastelletti22@timesonline.co.uk,Male,49,France,Carcassonne
76,Shana,Bonsul,sbonsul23@vkontakte.ru,Female,36,France,Vincennes
77,Cecelia,Preddle,cpreddle24@vinaora.com,Female,76,France,Créteil
78,Avrit,Tulk,atulk25@simplemachines.org,Female,33,France,Vanves
79,Burch,Bagenal,bbagenal26@yolasite.com,Male,78,France,Parthenay
80,Glyn,Balling,gballing27@cyberchimps.com,Male,68,France,Reims
81,Alfons,Oliff,aoliff28@nps.gov,Male,26,France,Moissy-Cramayel
82,Consalve,Josuweit,cjosuweit29@discuz.net,Polygender,66,France,Meylan
83,Cozmo,Sidebotton,csidebotton2a@wikia.com,Male,15,France,Pontarlier
84,Teresa,Tennewell,ttennewell2b@discuz.net,Female,34,France,Roissy Charles-de-Gaulle
85,Tresa,Hasnney,thasnney2c@posterous.com,Female,21,France,Reims
86,Lawrence,Spadazzi,lspadazzi2d@jugem.jp,Male,59,France,Aubervilliers
87,Easter,Waplington,ewaplington2e@japanpost.jp,Polygender,27,France,Villeneuve-la-Garenne
88,Aland,Campanelle,acampanelle2f@oaic.gov.au,Male,6,France,Sarreguemines
89,Zachery,Harbron,zharbron2g@amazon.de,Male,37,France,Paris 16
90,Lorry,Housegoe,lhousegoe2h@fotki.com,Female,73,France,Longjumeau
91,Tabbatha,Sherrott,tsherrott2i@flavors.me,Genderfluid,28,France,Aubenas
92,Mariele,Longmuir,mlongmuir2j@mayoclinic.com,Female,57,France,Paris La Défense
93,Gearalt,Jorry,gjorry2k@uol.com.br,Male,34,France,Saint-Quentin-en-Yvelines
94,Thibaud,Grisenthwaite,tgrisenthwaite2l@de.vu,Male,31,France,Versailles
95,Sherm,Landsbury,slandsbury2m@google.it,Male,27,France,Carcassonne
96,Henri,Kippie,hkippie2n@plala.or.jp,Male,27,France,Paris 14
97,Trudy,Taudevin,ttaudevin2o@cdc.gov,Female,24,France,Kingersheim
98,Elisa,Ganders,eganders2p@eventbrite.com,Female,32,France,Strasbourg
99,Stephen,Haukey,shaukey2q@opensource.org,Male,57,France,La Roche-sur-Yon
100,Broddie,Gerson,bgerson2r@canalblog.com,Male,43,France,Roissy Charles-de-Gaulle
101,Shepperd,Hyatt,shyatt2s@g.co,Male,84,France,Paris 15
102,Lorrie,McBain,lmcbain2t@tuttocitta.it,Female,54,France,Meylan
103,Val,Henner,vhenner2u@symantec.com,Male,27,France,Niort
104,Dex,Rechert,drechert2v@home.pl,Male,12,France,Aix-en-Provence
105,Dillon,Trembey,dtrembey2w@theguardian.com,Male,35,France,Avignon
106,Kristien,Bossel,kbossel2x@earthlink.net,Female,82,France,Niort
107,Brett,Tayspell,btayspell2y@zdnet.com,Male,27,France,Courtaboeuf
108,Shel,Cogdon,scogdon2z@youku.com,Female,16,France,Salon-de-Provence
109,Lory,Jouning,ljouning30@dagondesign.com,Female,56,France,Créteil
110,Dody,Spoure,dspoure31@gmpg.org,Female,28,France,Caen
111,Pauly,Maundrell,pmaundrell32@blogger.com,Female,25,France,Niort
112,Aldous,Corthes,acorthes33@wikipedia.org,Male,6,France,Roissy Charles-de-Gaulle
113,Kaye,Batten,kbatten34@newyorker.com,Female,76,France,Saint-Denis
114,Miner,Divall,mdivall35@angelfire.com,Male,33,France,Chantilly
115,Erie,Vokins,evokins36@ycombinator.com,Male,24,France,Labège
116,Inge,Heinle,iheinle37@vkontakte.ru,Female,58,France,Paris 11
117,Tarrance,Ottawell,tottawell38@wunderground.com,Genderfluid,82,France,Roubaix
118,Natale,Bompas,nbompas39@bluehost.com,Male,37,France,Montesson
119,Codie,Alves,calves3a@sohu.com,Male,28,France,Clamart
120,Brittney,Blackstock,bblackstock3b@google.ca,Female,65,France,Aubervilliers
121,Jamie,Clemerson,jclemerson3c@so-net.ne.jp,Female,22,France,Strasbourg
122,Marius,Prestedge,mprestedge3d@upenn.edu,Male,56,France,Paris 14
123,Ezechiel,Boosey,eboosey3e@behance.net,Agender,61,France,Creil
124,Roarke,Christofol,rchristofol3f@theatlantic.com,Male,24,France,Cannes
125,Clevie,Henric,chenric3g@unesco.org,Male,66,France,Vierzon
126,Pip,Blunden,pblunden3h@nsw.gov.au,Male,82,France,Yvetot
127,Bar,Alexander,balexander3i@amazonaws.com,Male,76,France,Nancy
128,Susanetta,Hanbidge,shanbidge3j@ibm.com,Female,61,France,Saint-Avold
129,Alexi,Stopper,astopper3k@gizmodo.com,Female,25,France,Le Mans
130,Brietta,Tidgewell,btidgewell3l@icq.com,Female,75,France,Remiremont
131,Ruben,Yearnsley,ryearnsley3m@hc360.com,Male,44,France,Quimper
132,Gaven,Pemberton,gpemberton3n@netvibes.com,Male,76,France,Orly
133,Darrick,Goldsberry,dgoldsberry3o@economist.com,Male,47,France,Cergy-Pontoise
134,Prinz,Wimlet,pwimlet3p@cargocollective.com,Male,31,France,Montpellier
135,Ginelle,Godsmark,ggodsmark3q@elpais.com,Female,12,France,Noisy-le-Grand
136,Hadlee,Pettegree,hpettegree3r@unesco.org,Male,61,France,Vanves
137,King,Messer,kmesser3s@jugem.jp,Male,42,France,Marne-la-Vallée
138,Averyl,Frye,afrye3t@nature.com,Female,22,France,Fréjus
139,Ivett,Megson,imegson3u@newyorker.com,Female,36,France,Provins
140,Karoly,Ceaser,kceaser3v@youtube.com,Male,34,France,Cannes
141,Cayla,Griss,cgriss3w@omniture.com,Female,11,France,Ajaccio
142,Fairfax,Silbersak,fsilbersak3x@cbsnews.com,Male,76,France,Digne-les-Bains
143,Harri,Camoys,hcamoys3y@hp.com,Female,5,France,Chennevières-sur-Marne
144,Merralee,Tieman,mtieman3z@icq.com,Female,44,France,Bagnolet
145,Joice,McIlriach,jmcilriach40@columbia.edu,Female,81,France,Montesson
146,Angelita,Fountian,afountian41@tamu.edu,Female,77,France,Montpellier
147,Jamey,Bissell,jbissell42@google.co.uk,Male,25,France,Carcassonne
148,Tawnya,Thorrington,tthorrington43@miibeian.gov.cn,Genderqueer,74,France,Maromme
149,Hedwiga,Melby,hmelby44@aboutads.info,Female,70,France,Blois
150,Chrotoem,Kenningham,ckenningham45@google.pl,Male,13,France,Béthune
151,Blithe,Mannock,bmannock46@vk.com,Female,25,France,Lyon
152,Itch,Willmott,iwillmott47@google.com.hk,Agender,16,France,Mitry-Mory
153,Kania,Fennelly,kfennelly48@oaic.gov.au,Female,37,France,Montpellier
154,Bobette,Tunder,btunder49@vk.com,Female,70,France,Saint-Dié-des-Vosges
155,Baily,Beards,bbeards4a@usda.gov,Male,48,France,Carcassonne
156,Adolph,Maes,amaes4b@printfriendly.com,Male,26,France,Marseille
157,Rosco,Housin,rhousin4c@unc.edu,Male,44,France,Alès
158,Brigitte,Reye,breye4d@behance.net,Female,49,France,Poitiers
159,Chery,Labin,clabin4e@acquirethisname.com,Female,22,France,Alès
160,Wilmette,Pietri,wpietri4f@usatoday.com,Female,29,France,Amboise
161,Doralia,Gelderd,dgelderd4g@lycos.com,Female,35,France,Orléans
162,Conrade,Bremley,cbremley4h@va.gov,Male,26,France,Créteil
163,Rowan,Hamby,rhamby4i@discovery.com,Male,53,France,Brest
164,Mei,Strute,mstrute4j@macromedia.com,Female,9,France,Eybens
165,Allistir,Langlois,alanglois4k@mac.com,Male,75,France,Noyon
166,Rodney,Feldstein,rfeldstein4l@webnode.com,Male,63,France,Blagnac
167,Storm,Golding,sgolding4m@pcworld.com,Female,25,France,Labège
168,Cesya,Stonestreet,cstonestreet4n@instagram.com,Female,9,France,Bayeux
169,Granny,McKeevers,gmckeevers4o@ning.com,Male,45,France,Meaux
170,Fayth,Lunnon,flunnon4p@bbc.co.uk,Female,74,France,Montpellier
171,Nollie,Geydon,ngeydon4q@phpbb.com,Male,78,France,Cluses
172,Lesley,Camblin,lcamblin4r@furl.net,Male,14,France,Cergy-Pontoise
173,Sherie,Inskipp,sinskipp4s@marriott.com,Female,78,France,Golbey
174,Felicio,Scraney,fscraney4t@techcrunch.com,Male,81,France,Arras
175,Mikel,Garthland,mgarthland4u@ucoz.com,Male,34,France,Angoulême
176,Angela,Tarling,atarling4v@china.com.cn,Female,64,France,Arbois
177,Marisa,Bain,mbain4w@shareasale.com,Female,55,France,Montélimar
178,Ronny,Mogford,rmogford4x@gnu.org,Male,5,France,Mantes-la-Jolie
179,Hans,Pounder,hpounder4y@sbwire.com,Male,35,France,Périgny
180,Abbie,Cousins,acousins4z@nasa.gov,Male,75,France,Rungis
181,Sisely,Keilty,skeilty50@mlb.com,Genderfluid,80,France,Chantepie
182,Cord,Vequaud,cvequaud51@dmoz.org,Male,37,France,Chambray-lès-Tours
183,Marta,Waldock,mwaldock52@comcast.net,Female,60,France,Besançon
184,Chlo,Babin,cbabin53@cbc.ca,Female,39,France,Bourges
185,Melly,Wickwar,mwickwar54@unc.edu,Female,27,France,Paris 14
186,Abe,Hairyes,ahairyes55@themeforest.net,Male,81,France,Rungis
187,Abbe,Kunneke,akunneke56@prnewswire.com,Male,81,France,Marseille
188,Sharity,Kermath,skermath57@wufoo.com,Female,45,France,Mende
189,Terrill,Iorizzi,tiorizzi58@google.pl,Male,18,France,Aubenas
190,Marv,Geraudel,mgeraudel59@newyorker.com,Male,40,France,Rennes
191,Pierette,Edgcumbe,pedgcumbe5a@fastcompany.com,Female,51,France,Châteauroux
192,Lammond,Sloy,lsloy5b@simplemachines.org,Male,75,France,Paris 17
193,Rand,Duplock,rduplock5c@mac.com,Genderqueer,46,France,Domont
194,Foster,Posselt,fposselt5d@1688.com,Male,39,France,Caluire-et-Cuire
195,Ruth,Wichard,rwichard5e@dmoz.org,Female,81,France,Libourne
196,Janey,Garrod,jgarrod5f@thetimes.co.uk,Female,84,France,Beauvais
197,Layla,Gothard,lgothard5g@si.edu,Female,56,France,Créteil
198,Pattie,Snawdon,psnawdon5h@disqus.com,Female,35,France,Paris 10
199,Terrell,Witherby,twitherby5i@squidoo.com,Male,26,France,Schirmeck
200,Kitty,Feldharker,kfeldharker5j@360.cn,Female,78,France,Valence
201,Lenard,Ruddiforth,lruddiforth5k@infoseek.co.jp,Male,42,France,Bègles
202,Cassie,Bewfield,cbewfield5l@chronoengine.com,Male,73,France,Neuilly-sur-Seine
203,Camila,Benton,cbenton5m@youku.com,Female,46,France,Paris La Défense
204,Kristine,Groucutt,kgroucutt5n@prweb.com,Female,62,France,Paris 11
205,Chrysa,Waszczyk,cwaszczyk5o@economist.com,Female,60,France,Billère
206,Lawton,Geggus,lgeggus5p@google.ca,Male,70,France,Armentières
207,Celinda,Humberstone,chumberstone5q@zimbio.com,Female,46,France,Paris 15
208,Barbabra,Gullick,bgullick5r@privacy.gov.au,Female,72,France,Thionville
209,Kelbee,Hawke,khawke5s@ask.com,Male,42,France,Laval
210,Madeleine,Iacovuzzi,miacovuzzi5t@ocn.ne.jp,Female,48,France,Paris 17
211,Alard,Meriel,ameriel5u@pcworld.com,Male,46,France,Brignoles
212,Con,Cersey,ccersey5v@t.co,Female,6,France,Poitiers
213,Mohandis,Goodban,mgoodban5w@posterous.com,Genderfluid,29,France,Lille
214,Chaddie,Karpfen,ckarpfen5x@sphinn.com,Male,12,France,Saint-Herblain
215,Leeanne,Mccaull,lmccaull5y@cisco.com,Female,37,France,Cholet
216,Kimberlyn,Trewman,ktrewman5z@craigslist.org,Female,50,France,Puteaux
217,Morena,Malcher,mmalcher60@jugem.jp,Female,77,France,Arcachon
218,Osborne,MacCarter,omaccarter61@intel.com,Male,85,France,Paris 17
219,Otha,Farnie,ofarnie62@ebay.com,Agender,50,France,Le Perreux-sur-Marne
220,Allene,Myton,amyton63@acquirethisname.com,Female,55,France,Rouen
221,Chick,Tregear,ctregear64@loc.gov,Male,15,France,Metz
222,Terri-jo,Plett,tplett65@tmall.com,Female,13,France,Paris 11
223,Barb,Whiteley,bwhiteley66@google.de,Female,15,France,Gentilly
224,Aloisia,Tidd,atidd67@ft.com,Genderfluid,30,France,Tarbes
225,Berrie,Kanwell,bkanwell68@godaddy.com,Female,30,France,Arras
226,Christin,Kenington,ckenington69@businessweek.com,Female,12,France,Toulon
227,Collin,Crumpton,ccrumpton6a@walmart.com,Male,68,France,Manosque
228,Gisella,Cunnah,gcunnah6b@360.cn,Female,78,France,Saint-Jean-de-Braye
229,Marve,Heatley,mheatley6c@smh.com.au,Male,67,France,Montpellier
230,Brnaby,Twinn,btwinn6d@gravatar.com,Male,75,France,Tours
231,Wolfgang,Semrad,wsemrad6e@parallels.com,Male,7,France,Quimper
232,Lurette,Giorgini,lgiorgini6f@ft.com,Female,43,France,Vitrolles
233,Barri,Dyett,bdyett6g@hatena.ne.jp,Male,82,France,Loudun
234,Charmian,Ridolfi,cridolfi6h@macromedia.com,Female,58,France,Laxou
235,Padriac,Ducker,pducker6i@psu.edu,Male,9,France,Lille
236,Nicolas,Baigrie,nbaigrie6j@state.tx.us,Male,23,France,Bordeaux
237,Junie,Lyon,jlyon6k@ihg.com,Female,8,France,Paris 10
238,Lorin,Edelheid,ledelheid6l@a8.net,Male,19,France,Annecy-le-Vieux
239,Malina,O'Bruen,mobruen6m@umn.edu,Polygender,79,France,Antony
240,Mel,Reinbach,mreinbach6n@comcast.net,Female,61,France,Béziers
241,Melantha,Queen,mqueen6o@tamu.edu,Female,71,France,Pontarlier
242,Corina,Savile,csavile6p@economist.com,Female,55,France,Évreux
243,Delaney,Nisco,dnisco6q@nasa.gov,Male,77,France,Grenoble
244,Laird,Westlake,lwestlake6r@slideshare.net,Agender,81,France,Nancy
245,Tim,Bonhill,tbonhill6s@xinhuanet.com,Male,36,France,Villefranche-sur-Mer
246,Katrina,Laste,klaste6t@moonfruit.com,Female,29,France,Marseille
247,Nonie,O'dell,nodell6u@phpbb.com,Female,54,France,Privas
248,Kelley,Nys,knys6v@symantec.com,Female,14,France,Apt
249,Bellanca,Housecroft,bhousecroft6w@vimeo.com,Bigender,76,France,Charleville-Mézières
250,Teodora,Keaysell,tkeaysell6x@woothemes.com,Agender,52,France,Paris 02
251,Deidre,Riggert,driggert6y@netvibes.com,Female,7,France,Saint-Jean-de-Monts
252,Sherman,Gilhooly,sgilhooly6z@bizjournals.com,Male,37,France,Nice
253,Amara,Dowber,adowber70@ifeng.com,Female,77,France,Savigny-le-Temple
254,Chet,Stellman,cstellman71@craigslist.org,Male,15,France,Bondoufle
255,Alphonse,Martins,amartins72@illinois.edu,Male,41,France,Paris 09
256,Tanny,Thebe,tthebe73@stumbleupon.com,Male,65,France,Avignon
257,Tait,Stapele,tstapele74@irs.gov,Male,52,France,Angers
258,Darby,Glazer,dglazer75@ucla.edu,Male,60,France,Saint-Quentin-en-Yvelines
259,Johannes,Jimeno,jjimeno76@skyrock.com,Male,35,France,Roissy Charles-de-Gaulle
260,Deny,Ziemecki,dziemecki77@eepurl.com,Female,9,France,La Rochelle
261,Paloma,Scollan,pscollan78@usatoday.com,Agender,80,France,Draguignan
262,Pernell,Cookson,pcookson79@people.com.cn,Male,19,France,Rennes
263,Maurise,Lavrick,mlavrick7a@wikia.com,Male,59,France,Boulogne-sur-Mer
264,Jecho,Duddy,jduddy7b@usgs.gov,Male,42,France,Puget-sur-Argens
265,Yoko,Croutear,ycroutear7c@un.org,Female,54,France,Compiègne
266,Alisha,Skellington,askellington7d@biglobe.ne.jp,Female,34,France,Chantepie
267,Jard,Norbury,jnorbury7e@nhs.uk,Male,25,France,Amiens
268,Morgen,Messingham,mmessingham7f@bloglovin.com,Female,30,France,Paris 12
269,Jeramey,Jarry,jjarry7g@timesonline.co.uk,Male,10,France,Toulon
270,Grace,Copper,gcopper7h@naver.com,Male,6,France,Rungis
271,Adeline,Samwyse,asamwyse7i@jalbum.net,Non-binary,26,France,Lyon
272,Derek,Beatey,dbeatey7j@umn.edu,Male,83,France,Rive-de-Gier
273,Batsheva,Clymer,bclymer7k@virginia.edu,Female,46,France,Paris 10
274,Clywd,Nemchinov,cnemchinov7l@cargocollective.com,Male,6,France,Marseille
275,Kennan,Reason,kreason7m@gizmodo.com,Male,29,France,Fréjus
276,Gwyneth,Nesterov,gnesterov7n@ycombinator.com,Female,58,France,Évreux
277,Una,Blizard,ublizard7o@google.cn,Female,16,France,Cavaillon
278,Stafford,Mandre,smandre7p@uol.com.br,Male,46,France,Fécamp
279,Valentino,Jablonski,vjablonski7q@alibaba.com,Male,76,France,Nîmes
280,Chrotoem,Morrallee,cmorrallee7r@youtube.com,Male,85,France,Quimper
281,Stafani,Benns,sbenns7s@yellowbook.com,Female,13,France,Évry
282,Tobit,Abbado,tabbado7t@tinyurl.com,Male,29,France,Évry
283,Mariska,Maplethorpe,mmaplethorpe7u@shinystat.com,Female,43,France,Étampes
284,Royce,Scullin,rscullin7v@phoca.cz,Male,40,France,Roubaix
285,Tarrance,Prew,tprew7w@amazon.co.uk,Male,34,France,Boulogne-Billancourt
286,Paulie,Langcastle,plangcastle7x@wsj.com,Bigender,21,France,Mougins
287,Estell,Lorrain,elorrain7y@weibo.com,Female,73,France,Angers
288,Annabell,Skone,askone7z@sogou.com,Female,50,France,La Ferté-Bernard
289,Louella,Hundey,lhundey80@networkadvertising.org,Female,28,France,Pau
290,Jim,Backshall,jbackshall81@360.cn,Genderfluid,36,France,Rouen
291,Loria,Ormes,lormes82@altervista.org,Female,27,France,Rennes
292,Kim,Frichley,kfrichley83@hhs.gov,Male,82,France,Bonneville
293,Greta,Halliwell,ghalliwell84@ted.com,Bigender,5,France,Tours
294,Reggi,McMillian,rmcmillian85@homestead.com,Female,11,France,Rouen
295,Iain,Fenton,ifenton86@nbcnews.com,Bigender,58,France,Grenoble
296,Elissa,Bockett,ebockett87@webs.com,Agender,73,France,Montbéliard
297,Tome,Dumphrey,tdumphrey88@youtube.com,Male,15,France,Paris 02
298,Val,Brookes,vbrookes89@sogou.com,Female,54,France,Le Pontet
299,Hilliary,Paridge,hparidge8a@squidoo.com,Female,8,France,Limoges
300,Laurie,Egleton,legleton8b@com.com,Male,64,France,Carpentras
301,Taite,Belson,tbelson8c@issuu.com,Male,76,France,Rungis
302,Torrance,Ferandez,tferandez8d@youku.com,Male,28,France,Boé
303,Otes,Enticknap,oenticknap8e@dailymail.co.uk,Male,17,France,Paris 10
304,Natala,Dryden,ndryden8f@addtoany.com,Female,54,France,Brive-la-Gaillarde
305,Denney,Bischop,dbischop8g@arizona.edu,Male,84,France,Bergerac
306,Haroun,Stickney,hstickney8h@hud.gov,Male,33,France,Bourg-lès-Valence
307,Hanson,Hevey,hhevey8i@nbcnews.com,Male,29,France,Orléans
308,Linell,Kellen,lkellen8j@shareasale.com,Female,40,France,Nîmes
309,Federico,Beumant,fbeumant8k@wikipedia.org,Genderfluid,10,France,Challans
310,Urbanus,Aspling,uaspling8l@fc2.com,Male,70,France,Lyon
311,Nancie,Simoneton,nsimoneton8m@google.fr,Female,68,France,Le Havre
312,Caldwell,MacCartair,cmaccartair8n@tmall.com,Male,66,France,Reims
313,Ginger,Pischel,gpischel8o@vistaprint.com,Male,83,France,Lyon
314,Margarethe,Teliga,mteliga8p@people.com.cn,Female,78,France,Clermont-Ferrand
315,Eb,Perell,eperell8q@goodreads.com,Male,31,France,Lillers
316,Marline,McLanachan,mmclanachan8r@1und1.de,Female,81,France,Bayonne
317,Catarina,Dudderidge,cdudderidge8s@umn.edu,Female,17,France,Nantes
318,Kimbell,Apedaile,kapedaile8t@github.com,Male,23,France,Rungis
319,Tabby,Gencke,tgencke8u@cnet.com,Male,85,France,Marne-la-Vallée
320,Orel,Pucknell,opucknell8v@wunderground.com,Female,53,France,Ajaccio
321,Ody,Portwain,oportwain8w@nasa.gov,Male,82,France,Bègles
322,Minny,Pretti,mpretti8x@hatena.ne.jp,Agender,41,France,Lyon
323,Gerri,Ablitt,gablitt8y@plala.or.jp,Male,37,France,Portet-sur-Garonne
324,Urson,d' Elboux,udelboux8z@whitehouse.gov,Male,16,France,Bordeaux
325,Larina,Cambden,lcambden90@google.com.br,Female,12,France,Perpignan
326,Page,Kiggel,pkiggel91@apache.org,Male,66,France,Lyon
327,Saxe,Audenis,saudenis92@tripadvisor.com,Male,36,France,Lavaur
328,Arman,Iddy,aiddy93@foxnews.com,Male,22,France,Schirmeck
329,Freda,Carver,fcarver94@desdev.cn,Female,73,France,Cergy-Pontoise
330,Emmott,Dysert,edysert95@gravatar.com,Male,22,France,Béthune
331,Lindie,Greenroa,lgreenroa96@lycos.com,Female,27,France,Paris 18
332,Andreas,Jeannin,ajeannin97@kickstarter.com,Male,67,France,Rennes
333,Kirsten,Shelmardine,kshelmardine98@gov.uk,Female,23,France,Tassin-la-Demi-Lune
334,Erica,Linner,elinner99@eepurl.com,Female,30,France,Angoulême
335,Selene,Dumingo,sdumingo9a@elegantthemes.com,Female,58,France,Paris 02
336,Davon,Jedrzejewski,djedrzejewski9b@networkadvertising.org,Male,40,France,Saint-Étienne
337,Geraldine,McNee,gmcnee9c@angelfire.com,Female,56,France,Nantes
338,Sydelle,Nineham,snineham9d@noaa.gov,Female,41,France,Roubaix
339,Cazzie,Stebbings,cstebbings9e@cornell.edu,Male,70,France,Bobigny
340,Zsazsa,Tart,ztart9f@scribd.com,Female,18,France,Méru
341,Annora,Marks,amarks9g@facebook.com,Female,15,France,Laval
342,Tiffie,Owtram,towtram9h@hibu.com,Polygender,18,France,Périgueux
343,Marilee,Preene,mpreene9i@columbia.edu,Female,77,France,Paris 12
344,Agathe,Cookley,acookley9j@google.nl,Female,72,France,Niort
345,Rhody,Kisbee,rkisbee9k@buzzfeed.com,Female,54,France,Cournon-d'Auvergne
346,Romeo,Follit,rfollit9l@prlog.org,Male,39,France,Paris 01
347,Monica,Obal,mobal9m@goo.ne.jp,Female,48,France,Neuilly-sur-Seine
348,Saul,Baudon,sbaudon9n@illinois.edu,Male,25,France,Bordeaux
349,Hewet,Douthwaite,hdouthwaite9o@discovery.com,Male,31,France,Fleury-les-Aubrais
350,Kiley,Cansdall,kcansdall9p@kickstarter.com,Female,45,France,Orléans
351,Gayler,Vagg,gvagg9q@ucoz.com,Male,6,France,Angers
352,Marchall,Simeonov,msimeonov9r@auda.org.au,Male,26,France,Fréjus
353,Regina,Pietz,rpietz9s@noaa.gov,Female,72,France,Saint-Jean-de-Braye
354,Aylmar,Morsey,amorsey9t@cdc.gov,Male,44,France,Sélestat
355,Earle,Perview,eperview9u@webnode.com,Male,77,France,Avranches
356,Gabbie,Raiment,graiment9v@4shared.com,Non-binary,47,France,Marseille
357,Dierdre,Woodroofe,dwoodroofe9w@gov.uk,Female,81,France,Amiens
358,Sheppard,Botten,sbotten9x@tinyurl.com,Male,17,France,Rungis
359,Anthe,Whiston,awhiston9y@blogtalkradio.com,Female,62,France,Montaigu
360,Anya,Riddel,ariddel9z@discovery.com,Female,85,France,Créteil
361,Floria,Redier,frediera0@nytimes.com,Female,17,France,Fresnes
362,Ezequiel,Moen,emoena1@wordpress.org,Male,19,France,Albertville
363,Todd,McGinnell,tmcginnella2@wp.com,Male,22,France,Lens
364,Jacquelyn,Treven,jtrevena3@addtoany.com,Female,5,France,Toulon
365,Ewell,Tooher,etoohera4@usatoday.com,Male,27,France,Nice
366,Truda,Ealam,tealama5@plala.or.jp,Female,54,France,Montreuil
367,Nicolis,Featenby,nfeatenbya6@homestead.com,Male,36,France,Goussainville
368,Avivah,Meneghi,ameneghia7@histats.com,Female,45,France,Marne-la-Vallée
369,Syd,Sandbrook,ssandbrooka8@unblog.fr,Male,27,France,Vaulx-en-Velin
370,Bonnee,Drinnan,bdrinnana9@nps.gov,Female,75,France,Créteil
371,Orelle,Julian,ojulianaa@tuttocitta.it,Female,11,France,Saint-Maurice
372,Ricki,McGahern,rmcgahernab@ustream.tv,Male,61,France,Nemours
373,Indira,Ennals,iennalsac@amazon.co.jp,Female,30,France,Clamart
374,Ambrosio,Rotham,arothamad@i2i.jp,Male,33,France,Toulouse
375,Shepherd,McCroft,smccroftae@qq.com,Male,31,France,Paris 01
376,Tim,Shields,tshieldsaf@loc.gov,Female,29,France,Bayeux
377,Miller,Cicchelli,mcicchelliag@parallels.com,Male,50,France,Poitiers
378,Geri,Hirschmann,ghirschmannah@cisco.com,Female,10,France,Saint-Brieuc
379,Antonio,Serjeant,aserjeantai@army.mil,Male,19,France,Évreux
380,Honoria,Cluet,hcluetaj@devhub.com,Female,35,France,Montpellier
381,Giraldo,Shadrack,gshadrackak@cocolog-nifty.com,Male,23,France,Grenoble
382,Oliver,Rampling,oramplingal@rambler.ru,Bigender,70,France,Lillers
383,Bobbie,McLaggan,bmclagganam@bizjournals.com,Male,6,France,Cergy-Pontoise
384,Penelope,O' Culligan,poculliganan@dmoz.org,Female,70,France,Paris 19
385,Mic,Cordy,mcordyao@adobe.com,Male,13,France,Avignon
386,Linell,Nurden,lnurdenap@hatena.ne.jp,Female,67,France,Toulouse
387,Jessalyn,Harral,jharralaq@marketwatch.com,Female,83,France,Montélimar
388,Forest,Michie,fmichiear@wsj.com,Non-binary,25,France,Colombes
389,Joyce,Dalling,jdallingas@dion.ne.jp,Female,72,France,Paris 13
390,Jeremiah,Lockhurst,jlockhurstat@wordpress.org,Male,73,France,Meaux
391,Steve,Keates,skeatesau@uol.com.br,Male,44,France,Le Mans
392,Mandel,Bruhnsen,mbruhnsenav@walmart.com,Polygender,32,France,Villeurbanne
393,Izaak,Oldroyd,ioldroydaw@examiner.com,Agender,79,France,Nîmes
394,Bronny,Major,bmajorax@java.com,Male,50,France,Locminé
395,Floyd,Raspin,fraspinay@goo.ne.jp,Male,19,France,Hénin-Beaumont
396,Tarra,MacAleese,tmacaleeseaz@stanford.edu,Female,27,France,L'Aigle
397,Zacherie,Sidery,zsideryb0@google.cn,Male,65,France,Paris 01
398,Alphonse,Iglesias,aiglesiasb1@prweb.com,Male,42,France,Cachan
399,Nicholle,Inkster,ninksterb2@issuu.com,Genderfluid,17,France,Bourges
400,Jeannine,Measen,jmeasenb3@ted.com,Female,66,France,Roissy Charles-de-Gaulle
401,Julienne,Dottrell,jdottrellb4@goo.ne.jp,Female,26,France,Angoulême
402,Colver,Skipping,cskippingb5@cdc.gov,Male,19,France,Chantilly
403,Luz,Reiling,lreilingb6@mlb.com,Female,81,France,Toulouse
404,Pavlov,Basso,pbassob7@nhs.uk,Male,72,France,Marseille
405,Crysta,Anselm,canselmb8@tuttocitta.it,Bigender,27,France,Sallanches
406,Philomena,Paulillo,ppaulillob9@google.de,Female,40,France,Toulouse
407,Mendy,Ineson,minesonba@purevolume.com,Non-binary,30,France,Bar-le-Duc
408,Pammi,Regis,pregisbb@baidu.com,Female,58,France,Lille
409,Sigismond,Askin,saskinbc@sciencedaily.com,Male,20,France,Pessac
410,Bridie,MacCartair,bmaccartairbd@storify.com,Female,37,France,Lunéville
411,Jessi,Absalom,jabsalombe@europa.eu,Female,77,France,Rungis
412,Allie,Bickersteth,abickerstethbf@phoca.cz,Female,11,France,Châlons-en-Champagne
413,Garrot,Abrahamson,gabrahamsonbg@free.fr,Male,56,France,Évreux
414,Shay,Kalinsky,skalinskybh@squarespace.com,Female,54,France,Paris 16
415,Lorelei,Hinks,lhinksbi@typepad.com,Female,79,France,Paris 15
416,Roley,Dyke,rdykebj@deliciousdays.com,Male,49,France,Carcassonne
417,Cello,Balle,cballebk@histats.com,Male,11,France,La Courneuve
418,Theobald,Sant,tsantbl@sun.com,Male,41,France,Reims
419,Penny,Petters,ppettersbm@alibaba.com,Male,54,France,Argentan
420,Emlynne,Piscot,episcotbn@engadget.com,Non-binary,41,France,Yvetot
421,Kelsi,Sedgmond,ksedgmondbo@example.com,Female,7,France,Saint-Laurent-Blangy
422,Johny,Beves,jbevesbp@squidoo.com,Male,37,France,Amiens
423,Lexis,Ousbie,lousbiebq@delicious.com,Female,70,France,Marseille
424,Henri,Giacometti,hgiacomettibr@nba.com,Male,52,France,Rennes
425,Delores,Manville,dmanvillebs@163.com,Female,32,France,Toulon
426,Maximilianus,Bazely,mbazelybt@marriott.com,Male,37,France,Clermont-Ferrand
427,Axel,Cadden,acaddenbu@icq.com,Male,83,France,Paris 08
428,Waylan,Simionato,wsimionatobv@weebly.com,Agender,46,France,Limoges
429,Skipper,Eastbrook,seastbrookbw@jiathis.com,Male,8,France,Saint-Ouen
430,Markus,Cruise,mcruisebx@shop-pro.jp,Male,60,France,Blois
431,Arie,Petyanin,apetyaninby@mtv.com,Male,36,France,Landerneau
432,Angelo,Laurenzi,alaurenzibz@opensource.org,Male,8,France,Marseille
433,Jeth,Le Lievre,jlelievrec0@thetimes.co.uk,Male,60,France,Cesson
434,Mic,Hammatt,mhammattc1@google.ru,Male,45,France,Strasbourg
435,Jamal,Cote,jcotec2@nasa.gov,Male,74,France,Saint-Cloud
436,Virge,Gabey,vgabeyc3@lycos.com,Male,38,France,Valence
437,Sheelah,Northgraves,snorthgravesc4@symantec.com,Female,39,France,Paris 08
438,Ritchie,Liffey,rliffeyc5@wikia.com,Male,65,France,Goussainville
439,Hamlin,Fredi,hfredic6@netscape.com,Male,50,France,Charenton-le-Pont
440,Erik,Remmer,eremmerc7@ox.ac.uk,Non-binary,17,France,Massy
441,Amalia,Hadwick,ahadwickc8@bbb.org,Bigender,81,France,Woippy
442,Tabb,Tsar,ttsarc9@nbcnews.com,Male,16,France,Saint-Maurice
443,Twyla,Radmore,tradmoreca@wikispaces.com,Female,83,France,Senlis
444,Hilliary,Strick,hstrickcb@mozilla.org,Female,44,France,Colmar
445,Kennett,Domini,kdominicc@comsenz.com,Male,72,France,Mâcon
446,Dominga,Merrett,dmerrettcd@spiegel.de,Female,51,France,Vendargues
447,Rikki,Bye,rbyece@photobucket.com,Male,70,France,Soisy-sous-Montmorency
448,Zacharia,Mielnik,zmielnikcf@wp.com,Male,22,France,Montluel
449,Barbabas,Ibert,bibertcg@free.fr,Male,83,France,Lille
450,Glenine,Acock,gacockch@hugedomains.com,Female,41,France,Niort
451,Robbert,Pennetti,rpennettici@biblegateway.com,Male,15,France,Guebwiller
452,Esteban,Kinchlea,ekinchleacj@hatena.ne.jp,Male,21,France,Villejuif
453,Mikaela,Sambidge,msambidgeck@pen.io,Female,38,France,Angoulême
454,Bernard,Ost,bostcl@hugedomains.com,Male,27,France,Villefranche-sur-Mer
455,Lillis,Oolahan,loolahancm@skype.com,Female,75,France,Avignon
456,Derek,Mitton,dmittoncn@mit.edu,Male,60,France,Noisy-le-Grand
457,Effie,Lillgard,elillgardco@unesco.org,Female,33,France,Bourg-en-Bresse
458,Linn,Wattinham,lwattinhamcp@bloglines.com,Male,46,France,Lyon
459,Gayla,Doodson,gdoodsoncq@unc.edu,Female,36,France,Paris 09
460,Doralia,Matchett,dmatchettcr@rakuten.co.jp,Female,58,France,Thiais
461,Langston,Doncaster,ldoncastercs@liveinternet.ru,Male,81,France,Angers
462,Pauletta,Jeckell,pjeckellct@craigslist.org,Female,11,France,Lyon
463,Kathe,Lindelof,klindelofcu@shop-pro.jp,Female,70,France,Guingamp
464,Andeee,Westoll,awestollcv@techcrunch.com,Female,48,France,Rungis
465,Melisenda,Jowsey,mjowseycw@mlb.com,Female,59,France,Villejuif
466,Dinny,MacColl,dmaccollcx@nsw.gov.au,Female,51,France,Firminy
467,Kelsey,Kraut,kkrautcy@cdc.gov,Female,56,France,Saint-Avertin
468,Bryana,Hurran,bhurrancz@blinklist.com,Female,84,France,Saintes
469,Dennison,Zanni,dzannid0@shutterfly.com,Male,82,France,La Chapelle-sur-Erdre
470,Byrle,Taig,btaigd1@foxnews.com,Male,74,France,Cergy-Pontoise
471,Layton,Leindecker,lleindeckerd2@ifeng.com,Male,43,France,Lille
472,Alonzo,Robelet,arobeletd3@pcworld.com,Male,11,France,Évreux
473,Sally,Patis,spatisd4@ft.com,Female,56,France,Carpiquet
474,Evangeline,Jessup,ejessupd5@trellian.com,Female,29,France,Bastia
475,Drucill,Priestman,dpriestmand6@princeton.edu,Female,77,France,Baume-les-Dames
476,Neall,Tripean,ntripeand7@sogou.com,Agender,17,France,Valenciennes
477,Elset,Dunks,edunksd8@ibm.com,Female,73,France,Forbach
478,Marylin,Standrin,mstandrind9@cisco.com,Female,79,France,Châteauroux
479,Griffy,Gowers,ggowersda@wikia.com,Male,54,France,Châteauroux
480,Bryant,Farries,bfarriesdb@foxnews.com,Male,54,France,Bressuire
481,Conrad,Antosik,cantosikdc@nytimes.com,Agender,84,France,Lattes
482,Liliane,McLeman,lmclemandd@cloudflare.com,Female,26,France,Marseille
483,Alfons,Iacabucci,aiacabuccide@home.pl,Male,78,France,Valence
484,Francesco,Sirman,fsirmandf@t.co,Male,15,France,Nanterre
485,Demetrius,Gaul,dgauldg@comsenz.com,Male,83,France,Longjumeau
486,Blaine,Worwood,bworwooddh@newyorker.com,Male,14,France,La Rochelle
487,Allison,Cline,aclinedi@elegantthemes.com,Female,75,France,Paris 08
488,Leila,Baldung,lbaldungdj@businesswire.com,Female,85,France,Nice
489,Bill,Middlewick,bmiddlewickdk@ameblo.jp,Female,6,France,Paris 19
490,Everett,Wakeley,ewakeleydl@alexa.com,Male,7,France,Schiltigheim
491,Darryl,Bottom,dbottomdm@bbc.co.uk,Male,44,France,Poligny
492,Hilly,Cardoso,hcardosodn@bloglines.com,Male,51,France,Besançon
493,Breanne,Gyorgy,bgyorgydo@webs.com,Female,68,France,Brest
494,Everett,Tosney,etosneydp@thetimes.co.uk,Male,80,France,Cahors
495,Royal,Bracchi,rbracchidq@usgs.gov,Male,11,France,Tulle
496,Velvet,Imrie,vimriedr@hatena.ne.jp,Polygender,61,France,Colomiers
497,Allie,Fairbairn,afairbairnds@bigcartel.com,Male,45,France,Paris 12
498,Steffane,Tabbernor,stabbernordt@g.co,Female,64,France,La Rochelle
499,Olivia,Busch,obuschdu@irs.gov,Female,5,France,Sablé-sur-Sarthe
500,Emera,O'Hickey,eohickeydv@nydailynews.com,Female,7,France,Orléans
501,Darsey,Godball,dgodballdw@unblog.fr,Female,78,France,Taverny
502,Gaby,Scotney,gscotneydx@delicious.com,Bigender,34,France,Lillers
503,Martino,Chivers,mchiversdy@blogs.com,Male,59,France,Montélimar
504,Jorry,Rossbrook,jrossbrookdz@craigslist.org,Female,41,France,Le Havre
505,Boot,Kendell,bkendelle0@aboutads.info,Male,42,France,Caen
506,Lillian,De Antoni,ldeantonie1@ameblo.jp,Bigender,9,France,Boé
507,Kynthia,Cowup,kcowupe2@homestead.com,Female,14,France,Nice
508,Pammi,Eathorne,peathornee3@mayoclinic.com,Female,28,France,Rennes
509,Broderick,Nussen,bnussene4@mysql.com,Male,23,France,Paris 13
510,Silas,Moulder,smouldere5@sogou.com,Male,36,France,Gardanne
511,Eryn,Dalgardno,edalgardnoe6@pagesperso-orange.fr,Female,14,France,Avallon
512,Israel,Gronaver,igronavere7@oaic.gov.au,Male,85,France,Annecy-le-Vieux
513,Cosme,Pearcy,cpearcye8@forbes.com,Male,19,France,Saint-Germain-en-Laye
514,Lexie,Angeli,langelie9@fc2.com,Female,39,France,Aix-en-Provence
515,Byrle,Roswarne,broswarneea@xing.com,Male,20,France,Paris 12
516,Livvyy,Lenton,llentoneb@fc2.com,Female,68,France,Lyon
517,Panchito,Stansbie,pstansbieec@about.com,Male,55,France,Illkirch-Graffenstaden
518,Keelby,Vaudrey,kvaudreyed@cisco.com,Male,40,France,Juvisy-sur-Orge
519,Barr,Sommerfeld,bsommerfeldee@zimbio.com,Male,85,France,Paris 09
520,Susan,Jillett,sjillettef@latimes.com,Female,51,France,Paris La Défense
521,Marti,Slidders,mslidderseg@so-net.ne.jp,Female,73,France,Saint-Malo
522,Wilone,O'Conor,woconoreh@biglobe.ne.jp,Female,60,France,Nanterre
523,Peder,Moffet,pmoffetei@google.pl,Male,62,France,Narbonne
524,Bank,Greatbach,bgreatbachej@weebly.com,Male,55,France,Élancourt
525,Aileen,Freeberne,afreeberneek@biglobe.ne.jp,Female,50,France,Paris 05
526,Kahaleel,Clara,kclarael@aboutads.info,Male,10,France,Guéret
527,Gunar,Arthurs,garthursem@cdbaby.com,Polygender,67,France,Parthenay
528,Carmencita,Poytheras,cpoytherasen@google.cn,Female,33,France,Toulouse
529,Caro,De Antoni,cdeantonieo@imdb.com,Female,32,France,Brive-la-Gaillarde
530,Aldrich,O'Curneen,aocurneenep@harvard.edu,Non-binary,54,France,Le Blanc-Mesnil
531,Hinda,Groven,hgroveneq@angelfire.com,Female,75,France,Rochefort
532,Latisha,Rutledge,lrutledgeer@toplist.cz,Genderqueer,78,France,Épinal
533,Emory,Hannan,ehannanes@timesonline.co.uk,Male,59,France,Belfort
534,Cami,McKimmie,cmckimmieet@geocities.com,Female,81,France,Vandœuvre-lès-Nancy
535,Iona,Higginbottam,ihigginbottameu@ft.com,Agender,53,France,Alençon
536,Julian,Wallbank,jwallbankev@friendfeed.com,Male,42,France,Domont
537,Mahalia,Branchet,mbranchetew@smh.com.au,Female,53,France,Saintes
538,Karleen,Gissop,kgissopex@amazon.com,Female,32,France,Marne-la-Vallée
539,Lilias,Ferrey,lferreyey@time.com,Female,31,France,Arpajon
540,Randi,Willerstone,rwillerstoneez@paypal.com,Male,65,France,Mitry-Mory
541,Maureen,Miall,mmiallf0@indiatimes.com,Female,67,France,Bordeaux
542,Yolanda,Kidner,ykidnerf1@geocities.jp,Female,35,France,Brest
543,Chas,Gatesman,cgatesmanf2@icq.com,Male,80,France,Valence
544,Sherill,Lambdean,slambdeanf3@diigo.com,Female,63,France,Nantes
545,Milka,Chinnick,mchinnickf4@imgur.com,Female,67,France,Brest
546,Baudoin,Peggrem,bpeggremf5@exblog.jp,Male,18,France,Niort
547,Halli,Brentnall,hbrentnallf6@latimes.com,Female,63,France,Sceaux
548,Ransom,Derx,rderxf7@nationalgeographic.com,Genderqueer,9,France,Landivisiau
549,Cristiano,Tomasik,ctomasikf8@discuz.net,Male,60,France,Paris La Défense
550,Frasco,Duesbury,fduesburyf9@networkadvertising.org,Male,24,France,Besançon
551,Marja,Durgan,mdurganfa@youku.com,Female,38,France,Angoulême
552,Cinderella,Dewhirst,cdewhirstfb@samsung.com,Female,77,France,Vannes
553,Tiffanie,Fink,tfinkfc@senate.gov,Female,25,France,Toulon
554,Lyndsey,Surtees,lsurteesfd@studiopress.com,Female,67,France,Orléans
555,Gustavo,Tollerfield,gtollerfieldfe@people.com.cn,Male,37,France,Marseille
556,Hillary,Pray,hprayff@usatoday.com,Male,83,France,Reims
557,Legra,Jendas,ljendasfg@yahoo.com,Bigender,68,France,Rodez
558,Arielle,Affuso,aaffusofh@netscape.com,Female,17,France,Poitiers
559,Ashla,Ryton,arytonfi@unesco.org,Female,11,France,Quimperlé
560,Willie,Chmarny,wchmarnyfj@globo.com,Female,33,France,Pontarlier
561,Lion,Vasilkov,lvasilkovfk@google.cn,Male,57,France,Avignon
562,Harwilll,Glass,hglassfl@instagram.com,Male,28,France,La Ravoire
563,Giacinta,Colaco,gcolacofm@wiley.com,Female,27,France,Lyon
564,Romeo,Blackaller,rblackallerfn@cbc.ca,Male,59,France,Meaux
565,Zacharias,Togher,ztogherfo@marketwatch.com,Male,13,France,Lyon
566,Olag,MacGeaney,omacgeaneyfp@mediafire.com,Non-binary,74,France,Paris 10
567,Allix,Kells,akellsfq@umich.edu,Female,30,France,Bordeaux
568,Saw,Mailey,smaileyfr@aol.com,Male,22,France,Le Mans
569,Lincoln,Treves,ltrevesfs@artisteer.com,Genderfluid,82,France,Angoulême
570,Callie,Fair,cfairft@examiner.com,Female,63,France,Carpentras
571,Brad,Bert,bbertfu@pinterest.com,Male,18,France,Rennes
572,Lida,Prine,lprinefv@dailymail.co.uk,Female,17,France,Le Kremlin-Bicêtre
573,Arv,Sidlow,asidlowfw@sakura.ne.jp,Male,59,France,Blois
574,Kurtis,Wegner,kwegnerfx@digg.com,Male,28,France,Clamart
575,Berrie,Boow,bboowfy@merriam-webster.com,Non-binary,36,France,Orly aérogare
576,Jenica,Lawee,jlaweefz@blogtalkradio.com,Polygender,51,France,Puteaux
577,Vidovik,Scoines,vscoinesg0@cisco.com,Male,46,France,Saint-Ouen
578,Torrance,Pavlasek,tpavlasekg1@pagesperso-orange.fr,Male,32,France,La Courneuve
579,Payton,Danilewicz,pdanilewiczg2@nytimes.com,Male,57,France,Fontainebleau
580,Floria,Suter,fsuterg3@themeforest.net,Female,51,France,Vincennes
581,Silvie,Vinas,svinasg4@apache.org,Female,53,France,Meaux
582,Herta,Votier,hvotierg5@virginia.edu,Female,40,France,Rodez
583,Oriana,Rattry,orattryg6@is.gd,Female,63,France,Chamalières
584,Corliss,Dods,cdodsg7@utexas.edu,Female,37,France,Saint-Avold
585,Waly,Jakubowsky,wjakubowskyg8@cafepress.com,Female,6,France,Noailles
586,Ashil,McNeilly,amcneillyg9@furl.net,Female,67,France,Paris 07
587,Fara,Ponting,fpontingga@tinyurl.com,Female,35,France,Clichy
588,Clareta,Peachment,cpeachmentgb@icio.us,Female,23,France,Cergy-Pontoise
589,Germayne,Pick,gpickgc@sitemeter.com,Male,85,France,Poissy
590,Jacklyn,McGettigan,jmcgettigangd@1688.com,Female,63,France,Saint-Dié-des-Vosges
591,Evania,Hearon,ehearonge@google.com.hk,Female,9,France,Montauban
592,Arlyne,Joburn,ajoburngf@prweb.com,Female,39,France,La Plaine-Saint-Denis
593,Odo,Wenderoth,owenderothgg@gravatar.com,Male,7,France,Verdun
594,Alessandro,Filby,afilbygh@sun.com,Male,36,France,Boé
595,Milli,Dawnay,mdawnaygi@amazon.co.jp,Female,8,France,Romilly-sur-Seine
596,Simona,Hammerberger,shammerbergergj@webs.com,Female,48,France,Amiens
597,Jenna,Satchell,jsatchellgk@globo.com,Female,49,France,Paris 13
598,Kira,Cornforth,kcornforthgl@fema.gov,Female,56,France,Mâcon
599,Frans,Ridgewell,fridgewellgm@nyu.edu,Male,71,France,Cergy-Pontoise
600,Julina,MacElane,jmacelanegn@aboutads.info,Female,5,France,Noyelles-sous-Lens
601,Xavier,De Avenell,xdeavenellgo@theguardian.com,Male,58,France,Orléans
602,Debora,Scawton,dscawtongp@linkedin.com,Female,71,France,Nantes
603,Max,Reisk,mreiskgq@phpbb.com,Male,69,France,Paris 19
604,Laurie,Skegg,lskegggr@dailymail.co.uk,Male,59,France,Épinal
605,Leupold,Butland,lbutlandgs@a8.net,Male,48,France,Nevers
606,Ivor,Redsell,iredsellgt@printfriendly.com,Male,17,France,Créteil
607,Madelaine,Mityakov,mmityakovgu@yelp.com,Female,36,France,Dijon
608,Nikolaos,Friedlos,nfriedlosgv@163.com,Male,72,France,La Rochelle
609,Martguerita,Beall,mbeallgw@dropbox.com,Female,74,France,Longjumeau
610,Feodora,Gerok,fgerokgx@bluehost.com,Female,36,France,Lille
611,Leola,Slatten,lslattengy@answers.com,Female,56,France,Rennes
612,Arnaldo,Conrart,aconrartgz@rediff.com,Male,5,France,Ajaccio
613,Arabelle,Ainscough,aainscoughh0@newyorker.com,Female,85,France,Épinal
614,Ignacio,Shearer,ishearerh1@w3.org,Male,58,France,Meylan
615,Fax,Lempke,flempkeh2@ning.com,Male,50,France,Orléans
616,Merwin,Sinclair,msinclairh3@wikimedia.org,Male,59,France,Choisy-le-Roi
617,Silvio,Ree,sreeh4@blinklist.com,Male,10,France,Strasbourg
618,Mikael,Waight,mwaighth5@acquirethisname.com,Male,79,France,Fécamp
619,Pate,Seamon,pseamonh6@google.cn,Non-binary,61,France,Grenoble
620,Gillie,Frick,gfrickh7@shop-pro.jp,Female,17,France,Tarbes
621,Shem,Snibson,ssnibsonh8@g.co,Male,62,France,Avignon
622,Ardene,Fetherston,afetherstonh9@cyberchimps.com,Female,21,France,Montargis
623,Prudy,Netherwood,pnetherwoodha@github.io,Female,67,France,Orléans
624,Melly,Ashmole,mashmolehb@squarespace.com,Female,42,France,Albi
625,Weidar,Tull,wtullhc@list-manage.com,Genderfluid,65,France,Longvic
626,Guss,Painten,gpaintenhd@redcross.org,Non-binary,26,France,Aix-en-Provence
627,Darnell,Vasilchikov,dvasilchikovhe@digg.com,Male,65,France,Nice
628,Berkeley,Purkess,bpurkesshf@buzzfeed.com,Male,7,France,Reims
629,Erwin,MacMakin,emacmakinhg@seattletimes.com,Male,22,France,Melun
630,Oralla,Topliss,otoplisshh@tinypic.com,Female,26,France,Paris 18
631,Nickolaus,Kovalski,nkovalskihi@simplemachines.org,Male,42,France,Paris 15
632,Margalo,Leyshon,mleyshonhj@ox.ac.uk,Female,67,France,Blois
633,Hortense,Cook,hcookhk@uiuc.edu,Female,22,France,Saint-Brieuc
634,Micky,Melan,mmelanhl@nbcnews.com,Female,14,France,Pau
635,Edgardo,Maty,ematyhm@free.fr,Agender,53,France,Colombes
636,Agnola,O'Hartigan,aohartiganhn@parallels.com,Female,71,France,Arras
637,Myer,Akrigg,makriggho@unesco.org,Male,81,France,Valence
638,Randolph,Maurice,rmauricehp@wikimedia.org,Male,72,France,Caen
639,Griffith,Reddel,greddelhq@360.cn,Male,75,France,Lyon
640,Dorey,Ridewood,dridewoodhr@businessinsider.com,Male,67,France,Strasbourg
641,Ad,Grut,agruths@cam.ac.uk,Male,42,France,Sarreguemines
642,Westbrooke,Brotherhed,wbrotherhedht@nih.gov,Male,40,France,Beaune
643,Cathrine,Kabisch,ckabischhu@twitter.com,Female,51,France,Marmande
644,Sky,Carling,scarlinghv@umn.edu,Male,70,France,Schirmeck
645,Avrit,Hillum,ahillumhw@loc.gov,Female,74,France,Bordeaux
646,Christy,Lamming,clamminghx@symantec.com,Male,32,France,Aurillac
647,Winthrop,Strange,wstrangehy@examiner.com,Male,74,France,Bernay
648,Florry,Wyer,fwyerhz@trellian.com,Female,31,France,Paris La Défense
649,Staffard,Manneville,smannevillei0@studiopress.com,Male,18,France,Carquefou
650,Claiborn,Imrie,cimriei1@stumbleupon.com,Male,18,France,Paris 13
651,Raddy,Sigge,rsiggei2@scribd.com,Non-binary,75,France,Autun
652,Eimile,Thorbon,ethorboni3@unblog.fr,Female,27,France,Valence
653,Antonella,Rhubottom,arhubottomi4@sohu.com,Female,35,France,Orange
654,Cristie,Walklott,cwalklotti5@timesonline.co.uk,Agender,62,France,Dieppe
655,Freddy,Corrigan,fcorrigani6@webmd.com,Bigender,74,France,Toulouse
656,Aharon,Walcher,awalcheri7@nps.gov,Male,58,France,Cahors
657,Ernesto,Kean,ekeani8@arizona.edu,Male,15,France,Paris 14
658,Jenda,Bestwall,jbestwalli9@opensource.org,Female,18,France,Dijon
659,Bobinette,Reims,breimsia@hud.gov,Non-binary,51,France,Levallois-Perret
660,Monah,Knights,mknightsib@miitbeian.gov.cn,Female,55,France,Annecy
661,Clayborn,Curman,ccurmanic@symantec.com,Male,20,France,Avignon
662,Domeniga,Mozzi,dmozziid@nyu.edu,Genderqueer,22,France,Rouen
663,Merrel,Edgerly,medgerlyie@nasa.gov,Male,71,France,Obernai
664,Manuel,Walkey,mwalkeyif@angelfire.com,Male,71,France,Trélazé
665,Modesta,Grzegorzewicz,mgrzegorzewiczig@go.com,Female,83,France,Lavaur
666,Gunther,Bumpas,gbumpasih@hostgator.com,Male,34,France,Draguignan
667,Brynne,Giacobazzi,bgiacobazziii@biblegateway.com,Non-binary,49,France,Moissy-Cramayel
668,Bobine,Sliney,bslineyij@fc2.com,Female,7,France,Nancy
669,Hakeem,Raraty,hraratyik@blogtalkradio.com,Male,66,France,Limoges
670,Hunt,Branche,hbrancheil@xinhuanet.com,Male,63,France,Wintzenheim
671,Yankee,Joly,yjolyim@bluehost.com,Male,12,France,Chambray-lès-Tours
672,Dyna,Mattaser,dmattaserin@imgur.com,Female,82,France,Paris 17
673,Randie,Pattingson,rpattingsonio@virginia.edu,Female,32,France,Calais
674,Enrico,Rubinchik,erubinchikip@myspace.com,Male,57,France,Fresnes
675,Dorotea,Spaight,dspaightiq@amazon.co.jp,Female,75,France,Besançon
676,Creighton,Egdal,cegdalir@yolasite.com,Male,24,France,Cernay
677,Arlan,Badrock,abadrockis@amazon.co.jp,Male,74,France,Nancy
678,Ahmed,Roast,aroastit@flavors.me,Male,70,France,Rungis
679,Steffane,Chessun,schessuniu@twitpic.com,Female,40,France,Carquefou
680,Ilsa,Insole,iinsoleiv@opensource.org,Female,17,France,Orvault
681,Ninetta,Sare,nsareiw@icio.us,Female,70,France,Le Chambon-Feugerolles
682,Carolyn,Hamal,chamalix@walmart.com,Female,63,France,Sophia Antipolis
683,Witty,Kevane,wkevaneiy@yellowbook.com,Male,33,France,Paris 12
684,Tamma,Fearnehough,tfearnehoughiz@un.org,Female,79,France,Colombes
685,Lynette,Farrant,lfarrantj0@topsy.com,Non-binary,44,France,Saint-Jouan-des-Guérets
686,Judas,MacRannell,jmacrannellj1@mail.ru,Male,46,France,Arras
687,Erik,Escoffrey,eescoffreyj2@tiny.cc,Bigender,79,France,Carpentras
688,Traver,Trinkwon,ttrinkwonj3@constantcontact.com,Male,68,France,Toulouse
689,Janet,Connaughton,jconnaughtonj4@elegantthemes.com,Female,29,France,Montpellier
690,Jedidiah,Kebbell,jkebbellj5@usgs.gov,Male,26,France,Marmande
691,Myra,Prescote,mprescotej6@toplist.cz,Female,13,France,Amiens
692,Ashlan,Vassman,avassmanj7@huffingtonpost.com,Female,9,France,Mundolsheim
693,Lenci,Buzek,lbuzekj8@nps.gov,Male,69,France,Alençon
694,Ulrick,Richin,urichinj9@auda.org.au,Male,64,France,Lens
695,Kendre,Kneaphsey,kkneaphseyja@bloglines.com,Female,67,France,Marseille
696,Rog,Tiner,rtinerjb@epa.gov,Male,45,France,Châteaudun
697,Tiffy,Sandeman,tsandemanjc@dyndns.org,Female,63,France,Bourg-lès-Valence
698,Agnella,Bernini,aberninijd@tiny.cc,Female,39,France,Metz
699,Lanita,O'Lenane,lolenaneje@weather.com,Female,66,France,Suresnes
700,Malena,Olyunin,molyuninjf@privacy.gov.au,Female,66,France,Vichy
701,Anna,Shovelbottom,ashovelbottomjg@shop-pro.jp,Female,80,France,Poissy
702,Genny,Paxton,gpaxtonjh@cocolog-nifty.com,Female,50,France,Bordeaux
703,Raff,Maunders,rmaundersji@wix.com,Male,38,France,Lyon
704,Celisse,Sooper,csooperjj@gmpg.org,Female,61,France,Épernay
705,Mohandas,Polak,mpolakjk@1und1.de,Male,73,France,Maisons-Alfort
706,Abagael,Purtell,apurtelljl@hubpages.com,Female,66,France,Noisy-le-Grand
707,Geneva,Itshak,gitshakjm@netvibes.com,Female,79,France,Toulouse
708,Brennan,Cammacke,bcammackejn@booking.com,Male,40,France,Paris 09
709,Killian,Mateu,kmateujo@ted.com,Genderfluid,62,France,Amboise
710,Hildegarde,Giannotti,hgiannottijp@ucoz.com,Female,38,France,Orsay
711,Dennie,Van den Dael,dvandendaeljq@nasa.gov,Male,32,France,Saint-Pierre-Montlimart
712,Doug,Rudledge,drudledgejr@tmall.com,Male,18,France,Chantilly
713,Phylis,Wheatcroft,pwheatcroftjs@mayoclinic.com,Non-binary,81,France,Mâcon
714,Demetrius,Youthead,dyoutheadjt@google.co.jp,Agender,72,France,Carcassonne
715,Nevsa,Hamshar,nhamsharju@slate.com,Female,15,France,Bry-sur-Marne
716,Billy,Hollebon,bhollebonjv@mlb.com,Male,46,France,Bordeaux
717,Rodrique,Bischop,rbischopjw@pen.io,Male,24,France,Paris 11
718,Lorenzo,Caudray,lcaudrayjx@51.la,Agender,61,France,Fontenay-sous-Bois
719,Tris,Birtle,tbirtlejy@rakuten.co.jp,Male,34,France,Mantes-la-Jolie
720,Hollie,Smorthwaite,hsmorthwaitejz@sina.com.cn,Female,53,France,Laon
721,Daveen,Hovey,dhoveyk0@foxnews.com,Female,44,France,Avignon
722,Halley,Berriball,hberriballk1@webeden.co.uk,Female,6,France,Toulouse
723,Madelena,Ditch,mditchk2@wiley.com,Female,28,France,Amiens
724,Kassi,Laird,klairdk3@tuttocitta.it,Female,57,France,Maromme
725,Dal,Alelsandrowicz,dalelsandrowiczk4@huffingtonpost.com,Male,17,France,Les Sables-d'Olonne
726,Klarrisa,Holehouse,kholehousek5@bloglines.com,Female,10,France,Cambrai
727,Osborn,Feronet,oferonetk6@wufoo.com,Male,12,France,Laon
728,Frannie,Domokos,fdomokosk7@huffingtonpost.com,Male,47,France,Marne-la-Vallée
729,Karlan,Thurley,kthurleyk8@tmall.com,Male,28,France,Carcassonne
730,Harriett,Luten,hlutenk9@ebay.co.uk,Female,64,France,Pantin
731,Neda,Malkin,nmalkinka@mapy.cz,Female,58,France,Thiers
732,Stanislaw,Sinncock,ssinncockkb@nsw.gov.au,Genderfluid,8,France,Issy-les-Moulineaux
733,Ruben,Camm,rcammkc@ibm.com,Male,69,France,Strasbourg
734,Cathi,Alker,calkerkd@wisc.edu,Bigender,44,France,Caen
735,Julianna,Jardine,jjardineke@dedecms.com,Genderqueer,15,France,Dijon
736,Vernon,Dunne,vdunnekf@xing.com,Male,19,France,Lunel
737,Tresa,Hawker,thawkerkg@surveymonkey.com,Female,67,France,Toulouse
738,Gerianne,O'Fihillie,gofihilliekh@surveymonkey.com,Female,38,France,Cergy-Pontoise
739,Eda,Baulcombe,ebaulcombeki@biglobe.ne.jp,Female,71,France,Metz
740,Rosemary,Hughlin,rhughlinkj@spotify.com,Female,25,France,Romilly-sur-Seine
741,Lishe,Slater,lslaterkk@samsung.com,Female,6,France,Montrouge
742,Nilson,Mathou,nmathoukl@comsenz.com,Male,21,France,Arcueil
743,Allie,Bowstead,abowsteadkm@studiopress.com,Female,40,France,Strasbourg
744,Harp,MacNally,hmacnallykn@smh.com.au,Male,81,France,Marseille
745,Sam,Cartmale,scartmaleko@cnn.com,Male,58,France,Annonay
746,Jody,McCaighey,jmccaigheykp@altervista.org,Female,70,France,Paris 02
747,Briana,Dudman,bdudmankq@kickstarter.com,Female,12,France,Nîmes
748,Desi,Hyder,dhyderkr@vistaprint.com,Male,19,France,Reims
749,Corty,Castagne,ccastagneks@tinypic.com,Genderqueer,81,France,Provins
750,Phylis,Goudy,pgoudykt@t-online.de,Non-binary,62,France,Marseille
751,Loella,Lillecrap,llillecrapku@statcounter.com,Female,13,France,Saint-Laurent-du-Var
752,Prent,Housbie,phousbiekv@a8.net,Male,41,France,Caen
753,Pincus,McCarrison,pmccarrisonkw@free.fr,Male,7,France,Lomme
754,Wendy,Slowan,wslowankx@g.co,Female,25,France,Saint-Jean-de-Luz
755,Marion,Shegog,mshegogky@goo.gl,Male,59,France,Mâcon
756,Reena,Gueinn,rgueinnkz@howstuffworks.com,Female,16,France,Gif-sur-Yvette
757,Kennedy,McTrustie,kmctrustiel0@amazon.com,Male,46,France,Marseille
758,Jayme,Papworth,jpapworthl1@aboutads.info,Female,47,France,Parthenay
759,Jory,Luetkemeyers,jluetkemeyersl2@ycombinator.com,Male,41,France,Voiron
760,Jamey,Gentric,jgentricl3@google.co.jp,Male,5,France,La Valette-du-Var
761,Peg,Beet,pbeetl4@ox.ac.uk,Female,53,France,Cholet
762,Wiley,Gillon,wgillonl5@cargocollective.com,Male,69,France,Évreux
763,Darcey,Pyzer,dpyzerl6@google.it,Female,74,France,Grenoble
764,Nonah,Greenhouse,ngreenhousel7@ebay.com,Female,66,France,Rennes
765,Annalise,Josefsohn,ajosefsohnl8@fema.gov,Female,36,France,Montesson
766,Zachery,Doucette,zdoucettel9@diigo.com,Male,13,France,Ajaccio
767,Glyn,Ledram,gledramla@usa.gov,Male,60,France,Saint-Jouan-des-Guérets
768,Yance,Esley,yesleylb@so-net.ne.jp,Male,9,France,Nice
769,Mackenzie,Pattini,mpattinilc@jigsy.com,Male,58,France,Fréjus
770,Mendy,Cheasman,mcheasmanld@google.com,Male,40,France,Châteauroux
771,Ellwood,Watton,ewattonle@creativecommons.org,Male,83,France,Vannes
772,Kelly,Blyth,kblythlf@woothemes.com,Male,76,France,Courbevoie
773,Clarie,Haggar,chaggarlg@narod.ru,Female,81,France,Boulogne-Billancourt
774,Ron,McArdle,rmcardlelh@opera.com,Male,8,France,Cholet
775,Neile,Blakeway,nblakewayli@friendfeed.com,Female,58,France,Chennevières-sur-Marne
776,Ros,Gomme,rgommelj@eepurl.com,Female,83,France,Pau
777,Giffie,Flatman,gflatmanlk@rakuten.co.jp,Polygender,9,France,Vagney
778,Myrtice,Opie,mopiell@privacy.gov.au,Agender,68,France,Saint-Laurent-du-Var
779,Merridie,Pattesall,mpattesalllm@netscape.com,Female,66,France,Limeil-Brévannes
780,Jess,Billson,jbillsonln@jimdo.com,Female,41,France,Versailles
781,Lemar,Morehall,lmorehalllo@ucsd.edu,Male,71,France,Marseille
782,Teresita,Domanski,tdomanskilp@usnews.com,Female,22,France,Vitrolles
783,Valli,Estrella,vestrellalq@biglobe.ne.jp,Female,78,France,Villefontaine
784,Salvador,O'Corrane,socorranelr@kickstarter.com,Male,40,France,Toulon
785,Loralie,Stede,lstedels@yandex.ru,Female,13,France,Gif-sur-Yvette
786,Nessa,Catherall,ncatheralllt@instagram.com,Female,38,France,Arras
787,Timmie,Ornillos,tornilloslu@bravesites.com,Female,41,France,Lyon
788,Rich,Bellwood,rbellwoodlv@wikipedia.org,Male,15,France,Narbonne
789,Murdock,Whife,mwhifelw@amazon.co.jp,Male,14,France,Paris 08
790,Kris,Achrameev,kachrameevlx@hao123.com,Female,81,France,Cergy-Pontoise
791,Finlay,Blaxton,fblaxtonly@go.com,Male,61,France,Paris 12
792,Mireielle,Fike,mfikelz@about.me,Female,73,France,Chantilly
793,Jacklyn,Roddell,jroddellm0@redcross.org,Genderfluid,13,France,Lons-le-Saunier
794,Matelda,Ranger,mrangerm1@so-net.ne.jp,Female,51,France,Loudun
795,Gilligan,Shoesmith,gshoesmithm2@who.int,Female,78,France,Blaye
796,Dani,Landall,dlandallm3@dot.gov,Male,46,France,Lyon
797,Saleem,Lavigne,slavignem4@sciencedirect.com,Male,62,France,Paris 03
798,Wainwright,Etheredge,wetheredgem5@unesco.org,Male,78,France,Aulnay-sous-Bois
799,Catherina,Josskowitz,cjosskowitzm6@digg.com,Female,72,France,Marseille
800,Jackie,Ragdale,jragdalem7@shinystat.com,Male,76,France,Gaillac
801,Shea,Evison,sevisonm8@accuweather.com,Male,13,France,Saint-Lô
802,Jessee,Speirs,jspeirsm9@odnoklassniki.ru,Male,37,France,Paris 19
803,Myca,Bottomley,mbottomleyma@weather.com,Male,20,France,Laval
804,Persis,Monnoyer,pmonnoyermb@behance.net,Female,56,France,Lille
805,Thedric,Fewlass,tfewlassmc@nature.com,Male,28,France,Guéret
806,Estele,Gunbie,egunbiemd@ed.gov,Female,66,France,Saint-Brieuc
807,Gerick,Fauguel,gfauguelme@yellowpages.com,Male,43,France,Lisieux
808,Kasey,Swancock,kswancockmf@exblog.jp,Female,79,France,Calais
809,Chancey,Broyd,cbroydmg@sbwire.com,Male,73,France,Courbevoie
810,Winny,Charle,wcharlemh@foxnews.com,Non-binary,81,France,Paris 13
811,Archibaldo,Battle,abattlemi@walmart.com,Male,53,France,Vesoul
812,Merle,Daldry,mdaldrymj@dagondesign.com,Male,25,France,Cergy-Pontoise
813,Fabiano,Laherty,flahertymk@com.com,Male,58,France,Metz
814,Denny,Tolhurst,dtolhurstml@diigo.com,Male,11,France,Cergy-Pontoise
815,Kristal,Moncreiff,kmoncreiffmm@forbes.com,Female,10,France,Nancy
816,Noach,Livens,nlivensmn@posterous.com,Male,76,France,Puget-sur-Argens
817,Giulio,Lampel,glampelmo@tuttocitta.it,Polygender,62,France,Rivesaltes
818,Kalle,Baylis,kbaylismp@wufoo.com,Male,70,France,Sainte-Luce-sur-Loire
819,Latrina,Keighly,lkeighlymq@bravesites.com,Female,39,France,Lavaur
820,Clyde,Bonifant,cbonifantmr@oracle.com,Male,5,France,Armentières
821,Nicol,Whyte,nwhytems@msn.com,Male,52,France,La Roche-sur-Yon
822,Benton,Derks,bderksmt@accuweather.com,Male,41,France,Levallois-Perret
823,Denna,Onraet,donraetmu@rediff.com,Female,80,France,Bobigny
824,Meier,Straine,mstrainemv@shinystat.com,Non-binary,37,France,Nice
825,Jody,Ferrant,jferrantmw@shutterfly.com,Male,79,France,Bezons
826,Chrisse,Pikesley,cpikesleymx@opensource.org,Male,58,France,Lons-le-Saunier
827,Maryjane,Flucker,mfluckermy@chron.com,Female,36,France,Mulhouse
828,Laraine,Mintram,lmintrammz@elpais.com,Female,31,France,Wintzenheim
829,Amara,Cyphus,acyphusn0@google.com.au,Female,54,France,Aix-en-Provence
830,Aggy,Stallworthy,astallworthyn1@github.io,Female,34,France,Toulouse
831,Reube,Charity,rcharityn2@goo.ne.jp,Male,34,France,Paris La Défense
832,Alysia,Sharper,asharpern3@imageshack.us,Female,75,France,La Seyne-sur-Mer
833,Madelon,Parsley,mparsleyn4@bloglines.com,Bigender,14,France,Nancy
834,Allyn,Bicknell,abicknelln5@discovery.com,Female,11,France,Dijon
835,Cosette,Bonefant,cbonefantn6@oakley.com,Female,85,France,Poligny
836,Dewey,Doiley,ddoileyn7@altervista.org,Bigender,20,France,Nancy
837,Uriah,Moncur,umoncurn8@senate.gov,Male,73,France,Cergy-Pontoise
838,Lana,Bulfoot,lbulfootn9@go.com,Female,6,France,Perpignan
839,Christabella,Bevington,cbevingtonna@yolasite.com,Female,34,France,Wissous
840,Dolf,Inglesant,dinglesantnb@jalbum.net,Male,23,France,Chartres
841,Portie,Brignall,pbrignallnc@mail.ru,Male,42,France,Créteil
842,Becky,Antonognoli,bantonognolind@accuweather.com,Female,48,France,Paris 02
843,Carilyn,Cockshtt,ccockshttne@weather.com,Female,24,France,Paris 09
844,Edmon,Pollen,epollennf@yandex.ru,Male,68,France,Courbevoie
845,Orella,Jolliffe,ojolliffeng@ibm.com,Female,60,France,Nice
846,Donielle,Lum,dlumnh@360.cn,Female,43,France,Le Kremlin-Bicêtre
847,Tarrah,Napoli,tnapolini@thetimes.co.uk,Female,40,France,Belfort
848,Susanne,Brasseur,sbrasseurnj@sogou.com,Female,5,France,Auch
849,Harv,Elner,helnernk@smugmug.com,Male,55,France,Cergy-Pontoise
850,Moyra,Ishak,mishaknl@yahoo.co.jp,Agender,62,France,Vitry-sur-Seine
851,Linoel,Keatley,lkeatleynm@altervista.org,Male,63,France,Nantes
852,Chicky,Dykas,cdykasnn@nature.com,Male,41,France,Cergy-Pontoise
853,Tanya,Ogg,toggno@4shared.com,Female,26,France,Angers
854,Rozelle,Gemeau,rgemeaunp@ca.gov,Female,80,France,Orléans
855,Town,Swindlehurst,tswindlehurstnq@state.tx.us,Male,42,France,Lucé
856,Randal,Schellig,rschellignr@t-online.de,Male,41,France,Brive-la-Gaillarde
857,Kendra,Lassell,klassellns@archive.org,Female,42,France,Orsay
858,Halette,Penzer,hpenzernt@google.fr,Female,77,France,Dijon
859,Brooks,Arunowicz,barunowicznu@constantcontact.com,Female,41,France,Villefranche-sur-Mer
860,Lemmie,Khan,lkhannv@examiner.com,Male,7,France,La Roche-sur-Yon
861,Florence,Gardner,fgardnernw@fotki.com,Female,19,France,Floirac
862,Emmye,Mussetti,emussettinx@yolasite.com,Female,9,France,Marly-le-Roi
863,Jacky,Bezley,jbezleyny@cdbaby.com,Female,84,France,Le Bourget-du-Lac
864,Alvy,Le Houx,alehouxnz@tripod.com,Non-binary,56,France,Noyon
865,Sibbie,Cantle,scantleo0@blinklist.com,Female,41,France,Nîmes
866,Lelia,Wraighte,lwraighteo1@prweb.com,Female,46,France,Nantes
867,Laurianne,Leif,lleifo2@reuters.com,Female,50,France,Tournon-sur-Rhône
868,Kendall,Higounet,khigouneto3@smh.com.au,Genderqueer,63,France,Balma
869,Ralph,Connue,rconnueo4@boston.com,Male,37,France,Dijon
870,Gale,Ciccerale,gcicceraleo5@amazon.com,Female,17,France,Pau
871,Torrence,Bremley,tbremleyo6@discuz.net,Male,51,France,Montargis
872,Sigmund,Palia,spaliao7@ask.com,Male,24,France,Lagnieu
873,Bunnie,Perot,bperoto8@mediafire.com,Female,67,France,Saint-Brieuc
874,Peirce,Clutheram,pclutheramo9@baidu.com,Male,48,France,La Seyne-sur-Mer
875,Bryce,Lorking,blorkingoa@engadget.com,Male,31,France,Paris La Défense
876,Cathee,Crehan,ccrehanob@msu.edu,Female,29,France,Épernay
877,Nisse,McCluney,nmccluneyoc@guardian.co.uk,Female,36,France,Salon-de-Provence
878,Eimile,Marusic,emarusicod@indiatimes.com,Female,19,France,Tassin-la-Demi-Lune
879,Leo,Wickes,lwickesoe@wix.com,Male,69,France,Créteil
880,Nyssa,Wedge,nwedgeof@sciencedaily.com,Female,14,France,Angers
881,Wilbert,Tudor,wtudorog@utexas.edu,Male,85,France,Bry-sur-Marne
882,Felic,Iacopo,fiacopooh@gmpg.org,Male,58,France,Vichy
883,Reinhold,Weatherby,rweatherbyoi@dagondesign.com,Male,82,France,Nice
884,Casper,Feldhammer,cfeldhammeroj@4shared.com,Male,69,France,Gaillac
885,Krissie,Davydoch,kdavydochok@google.it,Female,49,France,Meylan
886,Natala,McKevitt,nmckevittol@w3.org,Female,60,France,Saint-Jean-de-Luz
887,Preston,Kingett,pkingettom@free.fr,Male,73,France,Cergy-Pontoise
888,Mora,Mirfield,mmirfieldon@delicious.com,Female,50,France,Paris 11
889,Margit,McGuane,mmcguaneoo@yelp.com,Female,28,France,Saint-Lô
890,Joanie,Owbrick,jowbrickop@diigo.com,Female,77,France,Paris 15
891,Sanson,Dwire,sdwireoq@squidoo.com,Male,55,France,Marseille
892,Katharine,Searl,ksearlor@baidu.com,Female,32,France,Saint-Brieuc
893,Kermit,Braddock,kbraddockos@clickbank.net,Male,73,France,Vichy
894,Elle,Coners,econersot@netvibes.com,Female,59,France,Caen
895,Inigo,Standley,istandleyou@deliciousdays.com,Male,70,France,Perpignan
896,Roscoe,Jumel,rjumelov@chron.com,Male,83,France,Besançon
897,Boycey,Balaam,bbalaamow@google.com,Male,64,France,Meaux
898,Timotheus,Bonnor,tbonnorox@ihg.com,Male,8,France,Paris 11
899,Christyna,Ladlow,cladlowoy@umn.edu,Female,56,France,Marseille
900,Delila,Witcomb,dwitcomboz@imdb.com,Female,66,France,Villefranche-sur-Mer
901,Merilee,Antony,mantonyp0@apple.com,Female,60,France,Besançon
902,Ericka,Senett,esenettp1@vimeo.com,Female,77,France,Lisieux
903,Hailey,Cleveland,hclevelandp2@ask.com,Male,24,France,Paris 06
904,Merrick,MacKall,mmackallp3@diigo.com,Male,50,France,Longjumeau
905,Leigh,Gardiner,lgardinerp4@yahoo.com,Female,66,France,Arras
906,Simona,Boothman,sboothmanp5@indiegogo.com,Female,31,France,Chantilly
907,Marna,Meiklejohn,mmeiklejohnp6@hugedomains.com,Female,81,France,Guilherand-Granges
908,Karissa,Alvis,kalvisp7@technorati.com,Female,26,France,Reims
909,Druci,Rowson,drowsonp8@nba.com,Polygender,29,France,Orléans
910,Kile,Van der Linde,kvanderlindep9@wiley.com,Non-binary,36,France,Rennes
911,Ruthie,Stone Fewings,rstonefewingspa@intel.com,Female,63,France,Parthenay
912,Winny,Craven,wcravenpb@si.edu,Male,58,France,Tours
913,Donnell,Idiens,didienspc@businessinsider.com,Male,27,France,Sartrouville
914,Tobey,Bonome,tbonomepd@java.com,Genderfluid,46,France,Chalon-sur-Saône
915,Pierre,Corstorphine,pcorstorphinepe@histats.com,Male,58,France,Paris La Défense
916,Clarie,Gillio,cgilliopf@barnesandnoble.com,Polygender,79,France,Rouen
917,Alasdair,Cudbertson,acudbertsonpg@goo.gl,Male,32,France,Rennes
918,Emmerich,Arling,earlingph@blogspot.com,Male,51,France,Suresnes
919,Marlene,Dudlestone,mdudlestonepi@webnode.com,Female,6,France,Le Chambon-Feugerolles
920,Constancia,Cookman,ccookmanpj@drupal.org,Female,5,France,Paris 13
921,Tedie,Linnane,tlinnanepk@biglobe.ne.jp,Male,21,France,Bernay
922,Sandy,Shepley,sshepleypl@pen.io,Female,22,France,Cluses
923,Kristoforo,Olyunin,kolyuninpm@twitter.com,Male,61,France,Bordeaux
924,Burty,Boscher,bboscherpn@dion.ne.jp,Male,52,France,Arras
925,Gare,Ballefant,gballefantpo@ebay.co.uk,Male,74,France,Paris 17
926,Kelvin,Wytchard,kwytchardpp@netscape.com,Male,38,France,Taverny
927,Noell,Dole,ndolepq@so-net.ne.jp,Female,14,France,Rueil-Malmaison
928,Tandy,Djokovic,tdjokovicpr@acquirethisname.com,Female,74,France,Lyon
929,Juli,Chinnock,jchinnockps@merriam-webster.com,Female,57,France,Paris 07
930,Dianna,Kyteley,dkyteleypt@yahoo.com,Female,67,France,Pau
931,Carol,Iddon,ciddonpu@ucoz.com,Female,20,France,Aubergenville
932,Valaria,Eul,veulpv@exblog.jp,Female,73,France,Toulouse
933,Kennan,Fildes,kfildespw@ehow.com,Male,27,France,Guebwiller
934,Minor,Caldera,mcalderapx@wix.com,Male,84,France,Montfavet
935,Arnold,Lodo,alodopy@answers.com,Male,58,France,Villejuif
936,Abbie,Harpin,aharpinpz@miibeian.gov.cn,Female,23,France,Paris 18
937,Blythe,Clover,bcloverq0@abc.net.au,Female,74,France,Mantes-la-Jolie
938,Munmro,Habbon,mhabbonq1@ovh.net,Male,42,France,Arbois
939,Nanette,D'Aguanno,ndaguannoq2@washingtonpost.com,Female,14,France,Aurillac
940,Paxton,Alwell,palwellq3@last.fm,Male,32,France,Villeurbanne
941,Torre,Crebott,tcrebottq4@creativecommons.org,Male,72,France,Courbevoie
942,Joaquin,Di Biaggi,jdibiaggiq5@msn.com,Genderqueer,39,France,Dijon
943,Martica,Scough,mscoughq6@shutterfly.com,Female,10,France,Paris 11
944,Annice,Dawidowicz,adawidowiczq7@slate.com,Female,46,France,Roissy Charles-de-Gaulle
945,Frants,Pauli,fpauliq8@netscape.com,Male,83,France,Avignon
946,Jaimie,Bere,jbereq9@apache.org,Female,75,France,Paris 19
947,Felix,Menco,fmencoqa@flavors.me,Male,46,France,Vierzon
948,Forester,Kells,fkellsqb@nifty.com,Genderfluid,38,France,Montluel
949,Carney,Etock,cetockqc@google.nl,Male,71,France,Lyon
950,Melamie,Walcher,mwalcherqd@patch.com,Female,23,France,Paris 17
951,Stefan,Greener,sgreenerqe@nytimes.com,Male,51,France,Mulhouse
952,Hilton,D'Agostini,hdagostiniqf@ft.com,Male,57,France,Ivry-sur-Seine
953,Daven,Fettis,dfettisqg@hugedomains.com,Male,47,France,Marseille
954,Beitris,Dallimore,bdallimoreqh@reverbnation.com,Female,6,France,Lagny-sur-Marne
955,Sosanna,Lourenco,slourencoqi@cocolog-nifty.com,Female,69,France,Méru
956,Erny,Paviour,epaviourqj@canalblog.com,Male,67,France,Paris 19
957,Denys,Freyn,dfreynqk@walmart.com,Male,55,France,Saint-Julien-en-Genevois
958,Fianna,Culpin,fculpinql@bigcartel.com,Female,78,France,Sélestat
959,Maximilianus,Bloxham,mbloxhamqm@dyndns.org,Male,70,France,Pantin
960,Nichole,Petz,npetzqn@geocities.jp,Male,9,France,Nantes
961,Natka,Dyas,ndyasqo@aol.com,Female,82,France,Tours
962,Reidar,McGarrahan,rmcgarrahanqp@discovery.com,Male,62,France,Fontenay-sous-Bois
963,Gilburt,Korba,gkorbaqq@latimes.com,Male,11,France,Montbrison
964,Babita,Benstead,bbensteadqr@foxnews.com,Female,47,France,Saint-Péray
965,Rivi,Pareman,rparemanqs@shop-pro.jp,Female,63,France,Paris 03
966,Caryn,Zannotelli,czannotelliqt@behance.net,Female,80,France,Bobigny
967,Harriett,Purseglove,hpurseglovequ@epa.gov,Female,63,France,Lyon
968,Kennan,Onge,kongeqv@fotki.com,Male,17,France,Marseille
969,Mata,Vasilechko,mvasilechkoqw@dropbox.com,Male,14,France,Montpellier
970,Kip,Everex,keverexqx@ted.com,Female,14,France,Colmar
971,Donny,Ogborne,dogborneqy@cloudflare.com,Male,36,France,Périgueux
972,Latashia,Allardyce,lallardyceqz@google.co.uk,Female,41,France,Mayenne
973,Ralf,Kerins,rkerinsr0@wp.com,Male,20,France,Villeneuve-d'Ascq
974,Tamas,Lockney,tlockneyr1@behance.net,Male,34,France,Lyon
975,Skip,Esparza,sesparzar2@mapquest.com,Male,58,France,Mâcon
976,Sutherlan,Bozward,sbozwardr3@umich.edu,Male,70,France,Paris 08
977,Alden,East,aeastr4@w3.org,Male,42,France,Saverne
978,Benetta,MacCarlich,bmaccarlichr5@independent.co.uk,Female,41,France,Digne-les-Bains
979,Lilith,Ricketts,lrickettsr6@usa.gov,Non-binary,56,France,Guérande
980,Loralyn,Willavoys,lwillavoysr7@nyu.edu,Female,50,France,Perpignan
981,Gil,Bearsmore,gbearsmorer8@bbc.co.uk,Male,58,France,Tours
982,Dore,Wych,dwychr9@sohu.com,Female,56,France,Rueil-Malmaison
983,Ado,Yare,ayarera@mlb.com,Male,46,France,Mougins
984,Alyce,Ferenczi,aferenczirb@purevolume.com,Female,31,France,Montbrison
985,Jonathon,Cunniam,jcunniamrc@cdbaby.com,Male,21,France,Reims
986,Sully,Paolinelli,spaolinellird@census.gov,Agender,18,France,Villeneuve-sur-Lot
987,Amory,Ellor,aellorre@wufoo.com,Non-binary,11,France,Saint-Quentin
988,Arabelle,Terlinden,aterlindenrf@symantec.com,Female,14,France,Rennes
989,Dorice,Khomich,dkhomichrg@domainmarket.com,Female,31,France,Ajaccio
990,Hobey,Pelham,hpelhamrh@edublogs.org,Male,56,France,Domont
991,Selina,Chalice,schaliceri@netlog.com,Female,46,France,Le Blanc-Mesnil
992,Colline,Fairhall,cfairhallrj@e-recht24.de,Female,56,France,Paris 12
993,Isa,Icom,iicomrk@fda.gov,Female,79,France,Calais
994,Constancia,Ryott,cryottrl@ed.gov,Female,5,France,Nantes
995,Odella,Mechem,omechemrm@cbc.ca,Polygender,12,France,Lyon
996,Clo,Clayfield,cclayfieldrn@blog.com,Female,45,France,Sainte-Luce-sur-Loire
997,Garrek,Whetnall,gwhetnallro@bloglovin.com,Male,67,France,Tourcoing
998,Berny,Lorne,blornerp@google.cn,Male,56,France,Vannes
999,Eliza,Leverentz,eleverentzrq@live.com,Female,60,France,Golbey
1000,Malina,Staneland,mstanelandrr@census.gov,Female,42,France,Longjumeau
